{
    "input_box": {
        "x": 719.8046875,
        "y": 933.76171875
    },
    "send_button": {
        "x": 1322.25,
        "y": 936.4453125
    },
    "wait_time": "5"
}