{
    "input_box": {
        "x": 1613.28515625,
        "y": -324.88671875
    },
    "wait_time": "5"
}