{
    "input_box": {
        "x": 1188.46875,
        "y": 939.12109375
    },
    "send_button": {
        "x": 1589.2734375,
        "y": 942.515625
    },
    "wait_time": "5"
}