{
    "input_box": {
        "x": 1656.4765625,
        "y": -106.28125
    },
    "send_button": {
        "x": 2286.72265625,
        "y": -103.0859375
    },
    "wait_time": "5",
    "window_position": {
        "x": 637,
        "y": -802
    }
}