{
    "input_box": {
        "x": 2745.13671875,
        "y": -174.54296875
    },
    "send_button": {
        "x": 3288.91015625,
        "y": -177.625
    },
    "wait_time": "80",
    "window_position": {
        "x": 3749,
        "y": -662
    }
}