{
    "input_box": {
        "x": 1167.0859375,
        "y": -193.71875
    },
    "send_button": {
        "x": 1405.42578125,
        "y": -241.0703125
    },
    "wait_time": "10",
    "window_position": {
        "x": 439,
        "y": -545
    }
}