{
  "input_box": {
    "x": 1614.125,
    "y": -313.34765625
  },
  "send_button": {
    "x": 2246.14453125,
    "y": -312.28515625
  },
  "wait_time": "5"
}
