{
    "input_box": {
        "x": 1821.92578125,
        "y": -52.7421875
    },
    "send_button": {
        "x": 2467.5,
        "y": -52.33203125
    },
    "wait_time": "5"
}