{
    "input_box": {
        "x": 720.11328125,
        "y": 938.5625
    },
    "send_button": {
        "x": 1317.5,
        "y": 936.24609375
    },
    "wait_time": "5"
}