{
    "input_box": {
        "x": 1651.65625,
        "y": -196.57421875
    },
    "send_button": {
        "x": 2235.83984375,
        "y": -195.625
    },
    "wait_time": "5"
}